{
	"partitions" : [
		{
			"name" : "Top",
			"pins" : [
				{
					"name" : "segments[0]",
					"strict" : false
				},
				{
					"name" : "segments[1]",
					"strict" : false
				},
				{
					"name" : "segments[2]",
					"strict" : false
				},
				{
					"name" : "segments[3]",
					"strict" : false
				},
				{
					"name" : "segments[4]",
					"strict" : false
				},
				{
					"name" : "segments[5]",
					"strict" : false
				},
				{
					"name" : "segments[6]",
					"strict" : false
				},
				{
					"name" : "segments2[0]",
					"strict" : false
				},
				{
					"name" : "segments2[2]",
					"strict" : false
				},
				{
					"name" : "segments2[5]",
					"strict" : false
				},
				{
					"name" : "balance[0]",
					"strict" : false
				},
				{
					"name" : "balance[3]",
					"strict" : false
				},
				{
					"name" : "balance[2]",
					"strict" : false
				},
				{
					"name" : "balance[1]",
					"strict" : false
				},
				{
					"name" : "item_selector[1]",
					"strict" : false
				},
				{
					"name" : "item_selector[0]",
					"strict" : false
				},
				{
					"name" : "item_selector[2]",
					"strict" : false
				},
				{
					"name" : "item_selector[3]",
					"strict" : false
				}
			]
		}
	]
}